atom_master,charge_deprot,charge_o1_syn,charge_o1_anti,charge_o2_syn,charge_o2_anti
CA,-0.066100,-0.097100,-0.097100,-0.097100,-0.097100
CB,-0.197400,-0.179400,-0.179400,-0.179400,-0.179400
CG,0.697000,0.584100,0.584100,0.584100,0.584100
O1,-0.750000,-0.616100,-0.616100,-0.447000,-0.447000
O2,-0.750000,-0.447000,-0.447000,-0.616100,-0.616100
HA1,0.011367,0.047033,0.047033,0.047033,0.047033
HA2,0.011367,0.047033,0.047033,0.047033,0.047033
HA3,0.011367,0.047033,0.047033,0.047033,0.047033
HB1,0.016700,0.078700,0.078700,0.078700,0.078700
HB2,0.016700,0.078700,0.078700,0.078700,0.078700
H11,0.000000,0.457000,0.000000,0.000000,0.000000
H12,0.000000,0.000000,0.457000,0.000000,0.000000
H21,0.000000,0.000000,0.000000,0.457000,0.000000
H22,0.000000,0.000000,0.000000,0.000000,0.457000
TOTAL,-0.998999,-0.000001,-0.000001,-0.000001,-0.000001
PROTON_COUNT,0,1,1,1,1
