atom_master,charge_ppp,charge_app,charge_bpp,charge_cpp,charge_dpp
NA,-0.525025768866,-0.882657100119,-0.508279393358,-0.470250572013,-0.491469053261
HA,0.395657081036,0.000000000000,0.366915882678,0.347935966993,0.401678079028
C1A,0.579637597260,0.769399752860,0.598772173951,0.580505094818,0.557086434655
C2A,0.058112443371,0.005492477921,0.019092475941,0.024723571652,0.037449135093
C3A,-0.066726794983,-0.142982784483,-0.008346942243,-0.020184723286,-0.066422574822
C4A,0.194763541809,0.526327907042,0.112889670281,0.069558990343,0.098441469831
CMA,-0.346443721702,-0.365953904360,-0.352172027904,-0.333821783108,-0.327988930971
HMA1,0.122936884096,0.122463636649,0.118558608228,0.112405029098,0.110986694985
HMA2,0.122936884096,0.122463636649,0.118558608228,0.112405029098,0.110986694985
HMA3,0.122936884096,0.122463636649,0.118558608228,0.112405029098,0.110986694985
OA,-0.551622345706,-0.602398682870,-0.574922986346,-0.583996194367,-0.589962253806
CAA,-0.117567460823,-0.075113494123,-0.128544562775,-0.132154823098,-0.090928025975
HAA,0.154659557931,0.137181914630,0.146862837446,0.150840011858,0.141773176947
CBA,-0.334349384437,-0.361894788190,-0.328177132511,-0.323429335264,-0.355561973884
HBA1,0.165868255855,0.160592603301,0.160057710534,0.157715604464,0.163787729197
HBA2,0.184124776728,0.185551511288,0.178098442441,0.177686582629,0.189965534266
C5,-0.239536932848,-0.574040761950,-0.219602634337,-0.195603143339,-0.201601581006
H5,0.171394441057,0.194318121796,0.148438423219,0.163080761688,0.158297504411
NB,0.021158592415,-0.437171627759,-0.229598091295,-0.107959424877,-0.224970413171
HB,0.326120968600,0.465945000476,0.000000000000,0.311028579029,0.313993235935
C1B,-0.040959863549,0.429679743069,0.113623249815,0.056659588434,0.111262089969
C2B,0.037022896805,-0.178578477769,-0.073545602699,-0.154399268977,-0.189382910839
C3B,0.285110009447,0.285110009447,0.285110009447,0.285110009447,0.285110009447
C4B,-0.472327256356,-0.183195212455,-0.348175571183,-0.416420554660,-0.322029864241
CMB,-0.409198800951,-0.333479633532,-0.390639144893,-0.297755210437,-0.295931782178
HMB1,0.148636969675,0.132237029802,0.138661271817,0.117068735942,0.116475191693
HMB2,0.148636969675,0.132237029802,0.138661271817,0.117068735942,0.116475191693
HMB3,0.148636969675,0.132237029802,0.138661271817,0.117068735942,0.116475191693
C10,0.133003638257,0.039362410255,0.132066817855,0.255070555881,0.040009237853
H10,0.317798110158,0.186457441865,0.183480959880,0.105828253763,0.213908844801
NC,0.017866813640,-0.187054881375,-0.055196921952,-0.311647464828,-0.127604296202
HC,0.311575754231,0.341070092807,0.263749740156,0.000000000000,0.328217993112
C1C,-0.447996627977,-0.332740880647,-0.417703130163,-0.376599344182,-0.294775274910
C2C,0.285110009447,0.285110009447,0.285110009447,0.285110009447,0.285110009447
C3C,-0.001977741667,-0.205932853962,-0.219175460319,-0.218807938774,-0.085929524614
C4C,-0.046876664306,0.121264299003,0.087455284035,0.349790951252,0.176702967179
CMC,-0.360903497216,-0.273640569908,-0.221914139522,-0.293499614237,-0.353201794754
HMC1,0.137576084577,0.111039878348,0.093826860963,0.114151435373,0.136149704249
HMC2,0.137576084577,0.111039878348,0.093826860963,0.114151435373,0.136149704249
HMC3,0.137576084577,0.111039878348,0.093826860963,0.114151435373,0.136149704249
C15,-0.185440432775,-0.215380050661,-0.210858322273,-0.331982746789,-0.435871240883
H15,0.168641708889,0.173064235663,0.184325557703,0.182505246926,0.180989037158
ND,-0.512930513891,-0.522112643611,-0.510279781002,-0.527657719120,-0.813582664795
HD,0.381996861784,0.353835677167,0.367164663409,0.358452204382,0.000000000000
C1D,0.112218813617,0.074743191702,0.049996469221,0.098158231051,0.391024516322
C2D,0.095587270789,0.103723113669,0.125982009369,0.166738816748,0.043179279227
C3D,-0.104206025829,-0.169335036881,-0.140787772090,-0.190913788151,-0.173146502406
C4D,0.640272852660,0.672226581308,0.644061633125,0.684544507085,0.805293374854
CMD,-0.362751909536,-0.342359598017,-0.362132419572,-0.370283373763,-0.351538386113
HMD1,0.136178767349,0.124458707932,0.128704814891,0.129911630049,0.124927972609
HMD2,0.136178767349,0.124458707932,0.128704814891,0.129911630049,0.124927972609
HMD3,0.136178767349,0.124458707932,0.128704814891,0.129911630049,0.124927972609
OD,-0.563600112423,-0.602877922056,-0.596764500662,-0.596363660548,-0.609179528970
CAD,-0.123466387461,-0.096502698301,-0.111265010391,-0.086885933800,-0.104023901067
HAD,0.148771375403,0.148289778143,0.145245671763,0.136227354814,0.150494482209
CBD,-0.364326003894,-0.390047549809,-0.379234163015,-0.379833738581,-0.393440578477
HBD1,0.166734445746,0.162000255059,0.162605050230,0.162973210493,0.167550984093
HBD2,0.189040313170,0.184107266728,0.186956300858,0.189595761611,0.191599241708
H2C,0.000000000000,0.000000000000,0.000000000000,0.000000000000,0.000000000000
H3B,0.000000000000,0.000000000000,0.000000000000,0.000000000000,0.000000000000
TOTAL,+1.000000000000,+0.000000000000,-0.000000000000,+0.000000000000,-0.000000000000
PROTON_COUNT,4,3,3,3,3
