atom_master,charge_deprot,charge_o1_syn,charge_o1_anti,charge_o2_syn,charge_o2_anti
CA,-0.050800,-0.018100,-0.018100,-0.018100,-0.018100
HA1,-0.017300,0.025600,0.025600,0.025600,0.025600
HA2,-0.017300,0.025600,0.025600,0.025600,0.025600
CB,0.002600,-0.028400,-0.028400,-0.028400,-0.028400
HB1,-0.042500,0.043000,0.043000,0.043000,0.043000
HB2,-0.042500,0.043000,0.043000,0.043000,0.043000
CG,0.805400,0.680100,0.680100,0.680100,0.680100
O1,-0.818800,-0.651100,-0.651100,-0.583800,-0.583800
O2,-0.818800,-0.583800,-0.583800,-0.651100,-0.651100
H11,0.000000,0.464100,0.000000,0.000000,0.000000
H12,0.000000,0.000000,0.464100,0.000000,0.000000
H21,0.000000,0.000000,0.000000,0.464100,0.000000
H22,0.000000,0.000000,0.000000,0.000000,0.464100
TOTAL,-1.000000,+0.000000,+0.000000,+0.000000,+0.000000
PROTON_COUNT,0,1,1,1,1
